Image_Name,Class
8177108519.jpg,Bulbasaur
5259769245.jpg,Gengar
2344605657.jpg,Jolteon
2714518399.jpg,Kangaskhan
3658279246.jpg,Dratini
5911332641.jpg,Poliwhirl
6316519628.jpg,Jolteon
5797954124.jpg,Pikachu
5546675486.jpg,Gastly
5475785271.jpg,Poliwhirl
6233411660.jpg,Ivysaur
5773590192.jpg,Kangaskhan
3071806962.jpg,Machoke
7838677007.jpg,Pidgeot
2457198922.jpg,Eevee
5754166364.jpg,Mewtwo
4089242902.jpg,Charmander
6434887617.jpg,Scyther
4586469346.jpg,Slowpoke
7084531485.jpg,Fearow
6070806710.jpg,Ekans
2308766129.jpg,Kingler
3685171045.jpg,Koffing
4463606954.jpg,Arbok
8666370999.jpg,Aerodactyl
8953678052.jpg,Pidgeot
3543580074.jpg,Venomoth
7636494914.jpg,Growlithe
4827385754.jpg,Blastoise
5780533814.jpg,Pikachu
2641472599.jpg,Exeggcute
4452250030.jpg,Parasect
5737263976.jpg,Jynx
6184597068.jpg,Bellsprout
4897022957.jpg,Psyduck
1733455176.jpg,Dewgong
3467347005.jpg,Rattata
8277050414.jpg,Abra
4792119097.jpg,Abra
8705095209.jpg,Kadabra
2412223203.jpg,Poliwag
8351889737.jpg,Parasect
9144557990.jpg,Wigglytuff
9897190482.jpg,Nidoqueen
4366458497.jpg,Gastly
4562677799.jpg,Chansey
8831671754.jpg,Ninetales
3871412746.jpg,Raichu
6063334586.jpg,Dugtrio
1599193038.jpg,Squirtle
2184863758.jpg,Machop
7582501977.jpg,Nidoqueen
8241307674.jpg,Golduck
8282715400.jpg,Cubone
8942151448.jpg,Vaporeon
4266821013.jpg,Vileplume
2369453343.jpg,Spearow
8740184094.jpg,Zubat
3781360323.jpg,Ekans
4823614073.jpg,Ekans
3795912456.jpg,Mr. Mime
1191411990.jpg,Charizard
7841964830.jpg,Charmeleon
6367704763.jpg,Oddish
9169973834.jpg,Horsea
8135432912.jpg,Dewgong
9240158807.jpg,Mew
5707908387.jpg,Pinsir
4629142020.jpg,Caterpie
7522552146.jpg,Dragonair
2442642177.jpg,Bellsprout
9191453832.jpg,Electabuzz
7745257994.jpg,Seadra
3942836514.jpg,Meowth
2913708009.jpg,Venusaur
7896924361.jpg,Haunter
7648588240.jpg,Poliwrath
4727895387.jpg,Horsea
5913547412.jpg,Koffing
4153139263.jpg,Horsea
6197572674.jpg,Clefable
3968907404.jpg,Oddish
1567940687.jpg,Dratini
4868682232.jpg,Venomoth
6695755070.jpg,Hypno
9141943619.jpg,Caterpie
3421558680.jpg,Machop
8556094605.jpg,Mew
6439889703.jpg,Ivysaur
1819654025.jpg,Hitmonlee
9488507361.jpg,Golduck
8318858077.jpg,Pikachu
3730205941.jpg,Grimer
7845721094.jpg,Butterfree
9022734961.jpg,Exeggutor
2115932010.jpg,Vaporeon
8711282926.jpg,Poliwhirl
9380845511.jpg,Dratini
1907389007.jpg,Chansey
5252697458.jpg,Drowzee
4103811876.jpg,Raticate
7867782183.jpg,Farfetchd
1800239240.jpg,Weezing
3543336481.jpg,Blastoise
2127110368.jpg,Exeggutor
4739875846.jpg,Ninetales
3518578646.jpg,Pinsir
1014481922.jpg,Jynx
4287504809.jpg,Horsea
5974048587.jpg,Mew
9789750465.jpg,Fearow
9802627884.jpg,Magneton
4532949538.jpg,Rhydon
7817066549.jpg,Scyther
5795990559.jpg,Rhydon
6607681585.jpg,Pidgeot
2446758147.jpg,Pikachu
9464241873.jpg,Aerodactyl
5686985139.jpg,Victreebel
1442081433.jpg,Mewtwo
2898502216.jpg,Machamp
1228981862.jpg,Nidoking
3671448320.jpg,Wigglytuff
8462038487.jpg,Weedle
1670425105.jpg,Poliwhirl
3013171217.jpg,Voltorb
4238093698.jpg,Farfetchd
9701672679.jpg,Seel
6433808164.jpg,Exeggutor
6757673177.jpg,Weepinbell
6330728180.jpg,Mankey
8250437699.jpg,Gastly
1034780613.jpg,Marowak
7910827143.jpg,Tangela
8014897558.jpg,Wartortle
4978645780.jpg,Venomoth
1698670193.jpg,Charmander
2350568596.jpg,Dragonite
4636685044.jpg,Venusaur
2366918590.jpg,Wartortle
2924322785.jpg,Fearow
6509890246.jpg,Scyther
3247035875.jpg,Lapras
7595895929.jpg,Jigglypuff
4822126168.jpg,Slowpoke
2419637058.jpg,Squirtle
1852277426.jpg,Flareon
5594924933.jpg,Gyarados
8510007522.jpg,Poliwhirl
5648038212.jpg,Golduck
5706968592.jpg,Venomoth
5210916780.jpg,Hypno
8732571361.jpg,Voltorb
9986042148.jpg,Rapidash
9472874388.jpg,Pikachu
2324950550.jpg,Vaporeon
2231987104.jpg,Spearow
9311834082.jpg,Vileplume
1290458806.jpg,Omanyte
9671400285.jpg,Venonat
4229268336.jpg,Flareon
6974982869.jpg,Golduck
9421046671.jpg,Nidorino
1104723007.jpg,Kabutops
6130306814.jpg,Tauros
8104922205.jpg,Weedle
7739751988.jpg,Wartortle
9424657116.jpg,Ninetales
8760051947.jpg,Exeggutor
6698655686.jpg,Graveler
8833717260.jpg,Machamp
7500461241.jpg,Electabuzz
9829779532.jpg,Tentacruel
3320038150.jpg,Clefairy
2908519955.jpg,Pidgeot
3758654792.jpg,Magnemite
6081053484.jpg,Arbok
9092594561.jpg,Kingler
7537384152.jpg,Diglett
9471435470.jpg,Oddish
9790452179.jpg,Horsea
3996491814.jpg,Charmander
5505639336.jpg,Vileplume
6148436988.jpg,Pidgeot
5247913601.jpg,Snorlax
9068628042.jpg,Zapdos
1220101723.jpg,Gengar
3558340808.jpg,Machoke
4077764920.jpg,Rhyhorn
5442751393.jpg,Bulbasaur
4442058976.jpg,Pinsir
1515676383.jpg,Starmie
7704696512.jpg,Rhyhorn
6399356318.jpg,Slowpoke
2025506725.jpg,Vileplume
3657454167.jpg,Meowth
4797900000.jpg,Vulpix
1334912418.jpg,Staryu
2375677267.jpg,Butterfree
9580235695.jpg,Drowzee
9436395359.jpg,Ivysaur
7915836085.jpg,Weedle
3734213099.jpg,Kingler
3406627264.jpg,Weepinbell
6125107034.jpg,Zapdos
9295655221.jpg,Porygon
9122021816.jpg,Parasect
3250970959.jpg,Seadra
8251105798.jpg,Vulpix
4392180044.jpg,Beedrill
8172905090.jpg,Golbat
1153858202.jpg,Psyduck
7371039938.jpg,Goldeen
9814746284.jpg,Charmander
9417235449.jpg,Drowzee
2600006926.jpg,Snorlax
1043468733.jpg,Diglett
1424040631.jpg,Kakuna
3611259791.jpg,Exeggcute
3930876959.jpg,Exeggcute
3659057873.jpg,Jolteon
9193347527.jpg,Spearow
2944195773.jpg,Magnemite
9346026327.jpg,Psyduck
1717082522.jpg,Gyarados
8805134384.jpg,Exeggcute
3947125825.jpg,Golbat
5815029937.jpg,Seadra
9746668516.jpg,Seaking
1488623906.jpg,Gengar
2266304652.jpg,Goldeen
3397329655.jpg,Zapdos
1718921000.jpg,Kakuna
9594980055.jpg,Voltorb
5217976705.jpg,Raticate
5515698026.jpg,Starmie
4980751879.jpg,Alakazam
9169448387.jpg,Gloom
8584746200.jpg,Drowzee
4194344558.jpg,Tentacruel
8200380748.jpg,Beedrill
9667868735.jpg,Seadra
1825921111.jpg,Fearow
6936849636.jpg,Arbok
9298057910.jpg,Pidgeotto
5533047673.jpg,Starmie
9940845484.jpg,Jigglypuff
3166319511.jpg,Rhyhorn
8783513294.jpg,Nidoqueen
5203362188.jpg,Weedle
1891105026.jpg,Tangela
5176724343.jpg,Psyduck
7166364155.jpg,Seadra
5924345825.jpg,Staryu
2608335210.jpg,Kangaskhan
4308319557.jpg,Nidorina
1256893192.jpg,Ponyta
9526612835.jpg,Pidgeot
2741169571.jpg,Poliwag
9704526788.jpg,Charmeleon
5609023237.jpg,Machop
5804326449.jpg,Venonat
1212395470.jpg,Mewtwo
1776456672.jpg,Bellsprout
7440353562.jpg,Vileplume
5544743323.jpg,Growlithe
2954943424.jpg,Golbat
1874645388.jpg,Tauros
7167678530.jpg,Dewgong
4694509271.jpg,Spearow
8058193153.jpg,Dragonite
7581432186.jpg,Fearow
5876732421.jpg,Sandslash
4153972925.jpg,Ivysaur
7852421372.jpg,Venonat
8568963434.jpg,Magneton
4155070010.jpg,Pikachu
9523341333.jpg,Poliwag
6813046308.jpg,Haunter
6145340383.jpg,Gengar
1622248996.jpg,Staryu
1569938799.jpg,Tangela
9663388924.jpg,Clefairy
9461872983.jpg,Nidoking
2191285224.jpg,Vulpix
4661442812.jpg,Mr. Mime
7378289144.jpg,Bellsprout
4535846386.jpg,Beedrill
9668982572.jpg,Jigglypuff
4908629824.jpg,Voltorb
8100688910.jpg,Rapidash
3297638218.jpg,Kabutops
3374690230.jpg,Gyarados
8823199716.jpg,Voltorb
6574303758.jpg,Ninetales
2247270702.jpg,Koffing
7058073274.jpg,Pikachu
2185016255.jpg,Bellsprout
5927581931.jpg,Kakuna
9401782959.jpg,Nidorino
3321240762.jpg,Bulbasaur
9332079550.jpg,Hypno
8074625066.jpg,Fearow
3332928887.jpg,Arcanine
8854943964.jpg,Rhydon
3314053844.jpg,Kabutops
4746325673.jpg,Ninetales
5194427853.jpg,Tauros
8226147314.jpg,Mankey
7177853459.jpg,Jigglypuff
4810872888.jpg,Venusaur
5125705609.jpg,Starmie
6465709329.jpg,Electabuzz
4367008881.jpg,Ninetales
6852816441.jpg,Caterpie
5535293095.jpg,Weepinbell
3194103632.jpg,Goldeen
7666518631.jpg,Pidgeotto
8902605452.jpg,Grimer
9957245394.jpg,Parasect
7955689684.jpg,Staryu
2057013799.jpg,Ivysaur
4935556801.jpg,Magikarp
8515712289.jpg,Horsea
2492880283.jpg,Flareon
1321670562.jpg,Scyther
5288804885.jpg,Vaporeon
2105690680.jpg,Dodrio
9825568436.jpg,Omanyte
6219626394.jpg,Electabuzz
3855181924.jpg,Blastoise
6827379919.jpg,Alakazam
1346762495.jpg,Cubone
4882304336.jpg,Machoke
2165073465.jpg,Venomoth
6513621953.jpg,Electabuzz
7293312609.jpg,Jolteon
1937758939.jpg,Poliwrath
5322643750.jpg,Kabutops
8408665077.jpg,Caterpie
9132230756.jpg,Blastoise
2705504596.jpg,Weepinbell
6069185480.jpg,Kangaskhan
7099592517.jpg,Bulbasaur
1912346147.jpg,Nidorino
6202901414.jpg,Charizard
6826436771.jpg,Growlithe
5210620834.jpg,Cubone
3854980122.jpg,Charmeleon
8417650793.jpg,Tauros
8540306777.jpg,Drowzee
2681968058.jpg,Goldeen
4974795976.jpg,Koffing
6712366606.jpg,Horsea
2978409368.jpg,Eevee
3473825552.jpg,Ditto
1299869602.jpg,Starmie
5239558051.jpg,Golbat
8394236877.jpg,Machoke
5958279595.jpg,Pidgey
6646894687.jpg,Zapdos
2053378224.jpg,Mewtwo
9238516181.jpg,Gyarados
2070463589.jpg,Exeggcute
7655430708.jpg,Weezing
2818249248.jpg,Mankey
7978260897.jpg,Dewgong
8376336896.jpg,Tentacool
8924970212.jpg,Poliwag
1199673367.jpg,Weezing
6941923078.jpg,Venonat
9183068063.jpg,Ivysaur
4088065852.jpg,Sandslash
4037254054.jpg,Weezing
5698533258.jpg,Kabutops
1205396445.jpg,Gloom
6180275348.jpg,Raticate
2785462169.jpg,Poliwag
8700523305.jpg,Gastly
7676896211.jpg,Arcanine
7393787547.jpg,Gengar
2433514669.jpg,Scyther
9868204484.jpg,Poliwrath
9170259658.jpg,Flareon
6141338509.jpg,Haunter
8250388571.jpg,Poliwrath
9568932199.jpg,Moltres
8781980612.jpg,Drowzee
3439396904.jpg,Omanyte
2175627389.jpg,Rattata
2029327066.jpg,Zapdos
4079897084.jpg,Rhyhorn
1994636116.jpg,Bulbasaur
3272541360.jpg,Gloom
1647615947.jpg,Dratini
6322059409.jpg,Bellsprout
2127369323.jpg,Fearow
2895270220.jpg,Vaporeon
1412612421.jpg,Spearow
2756990372.jpg,Shellder
5188015578.jpg,Porygon
9757863926.jpg,Victreebel
3027342205.jpg,Tentacruel
3325657627.jpg,Machoke
1491934328.jpg,Fearow
9049645071.jpg,Kadabra
1152758431.jpg,Exeggcute
5042733156.jpg,Tentacruel
8687158263.jpg,Seaking
8116232514.jpg,Vaporeon
4997085635.jpg,Doduo
2178032036.jpg,Ekans
2174257955.jpg,Koffing
6282609819.jpg,Marowak
8797735738.jpg,Dewgong
7343941997.jpg,Seaking
7926665009.jpg,Eevee
2947008767.jpg,Rhydon
6872235964.jpg,Golbat
4417485268.jpg,Magneton
6376432125.jpg,Weepinbell
9983375707.jpg,Nidoking
8419166018.jpg,Horsea
9553306699.jpg,Spearow
7949546083.jpg,Slowbro
9607051670.jpg,Ponyta
7074499044.jpg,Grimer
2518083474.jpg,Weepinbell
4094701276.jpg,Exeggcute
1817073211.jpg,Shellder
7107501846.jpg,Kadabra
5357442236.jpg,Vaporeon
3650100063.jpg,Bulbasaur
5945643275.jpg,Scyther
4646275627.jpg,Chansey
5637555548.jpg,Magikarp
3793226037.jpg,Weepinbell
1170159631.jpg,Primeape
4645339632.jpg,Magnemite
5876331394.jpg,Mew
8657977124.jpg,Magmar
7442124466.jpg,Geodude
7206434897.jpg,Vaporeon
4978667944.jpg,Kangaskhan
2852695558.jpg,Kabutops
4806484278.jpg,Cloyster
4667345734.jpg,Vulpix
3580801364.jpg,Marowak
5750804101.jpg,Venonat
6139871900.jpg,Dragonair
4920039029.jpg,Mr. Mime
9923413440.jpg,Venonat
8763353575.jpg,Articuno
7168677516.jpg,Horsea
9835778876.jpg,Poliwhirl
5795594113.jpg,Pidgeotto
6298519254.jpg,Ekans
3574659062.jpg,Eevee
7005943533.jpg,Charmeleon
2487838704.jpg,Pikachu
1059109737.jpg,Rhydon
6332708707.jpg,Hitmonchan
4176384292.jpg,Horsea
8959893679.jpg,Arcanine
7544404373.jpg,Koffing
3666602349.jpg,Zapdos
9061251643.jpg,Venomoth
9260419803.jpg,Jigglypuff
3475747316.jpg,Hypno
2079684557.jpg,Seadra
9803037923.jpg,Venusaur
7340268204.jpg,Diglett
9980126326.jpg,Psyduck
1283445985.jpg,Magmar
2556545609.jpg,Scyther
6506948278.jpg,Machamp
1757576874.jpg,Pidgeotto
3804930240.jpg,Golbat
8955739848.jpg,Lickitung
8798924136.jpg,Dragonite
5851860873.jpg,Squirtle
5539479183.jpg,Raichu
5753558784.jpg,Dodrio
1011771360.jpg,Weepinbell
1660773964.jpg,Lapras
2630358498.jpg,Rapidash
6115290370.jpg,Voltorb
7345179900.jpg,Magneton
8422226203.jpg,Starmie
1417437571.jpg,Kakuna
2682904468.jpg,Sandslash
8510293628.jpg,Tentacruel
7269581960.jpg,Seadra
4321534163.jpg,Alakazam
4898784974.jpg,Hitmonlee
9753293576.jpg,Pikachu
4571609955.jpg,Eevee
5867602871.jpg,Weedle
1518239929.jpg,Farfetchd
8720120611.jpg,Kakuna
2512897719.jpg,Poliwhirl
9524860755.jpg,Beedrill
6282136127.jpg,Zapdos
7776004291.jpg,Dratini
5288427233.jpg,Dragonite
3637423321.jpg,Hitmonchan
8773787331.jpg,Horsea
6705647492.jpg,Zapdos
7759479406.jpg,Pinsir
6634292004.jpg,Scyther
8761447558.jpg,Bulbasaur
9306164114.jpg,Clefable
9456884372.jpg,Cubone
6288351496.jpg,Arbok
8121310460.jpg,Eevee
5412920355.jpg,Doduo
6507891406.jpg,Snorlax
3631617925.jpg,Clefairy
1452246003.jpg,Raichu
1056182305.jpg,Venusaur
2089645956.jpg,Kingler
9482772598.jpg,Ninetales
8758526872.jpg,Machamp
2873394805.jpg,Pinsir
1143610558.jpg,Pikachu
5102004264.jpg,Kadabra
9435889397.jpg,Golduck
6671769534.jpg,Vileplume
8168995001.jpg,Cubone
4836063399.jpg,Poliwhirl
8919283830.jpg,Pikachu
2476693079.jpg,Ivysaur
3510502139.jpg,Kakuna
1104259989.jpg,Snorlax
1705406618.jpg,Vaporeon
8089184699.jpg,Parasect
7132405597.jpg,Vaporeon
7226066205.jpg,Vulpix
7757705575.jpg,Farfetchd
9888891506.jpg,Gyarados
3803101797.jpg,Machoke
4108191670.jpg,Oddish
9434806105.jpg,Hitmonlee
6321658964.jpg,Sandslash
8815842425.jpg,Flareon
6861158236.jpg,Charmeleon
4136821043.jpg,Mewtwo
4167339593.jpg,Arbok
5997271438.jpg,Cubone
3923444131.jpg,Seaking
4061734431.jpg,Charmander
4919424528.jpg,Omanyte
4582434927.jpg,Kabutops
5065968102.jpg,Poliwrath
6806446657.jpg,Flareon
4382499207.jpg,Staryu
9517542393.jpg,Gloom
9728705921.jpg,Bellsprout
7329899611.jpg,Nidorino
2440419037.jpg,Blastoise
2739539496.jpg,Victreebel
4050831393.jpg,Wartortle
2150366342.jpg,Cloyster
6480044165.jpg,Arcanine
5195053002.jpg,Farfetchd
3833323304.jpg,Rattata
9667138705.jpg,Grimer
1510422640.jpg,Charizard
7759549827.jpg,Psyduck
4930026817.jpg,Raticate
3980849705.jpg,Rhyhorn
4813144008.jpg,Voltorb
9334282032.jpg,Goldeen
9293424656.jpg,Starmie
7922864981.jpg,MrMime
5638512992.jpg,Geodude
3009952086.jpg,Starmie
8209180754.jpg,Poliwhirl
5730083391.jpg,Nidoqueen
3115169684.jpg,Jigglypuff
9694944159.jpg,Raticate
7374338238.jpg,Vulpix
5479886371.jpg,Magneton
2437805544.jpg,Golduck
6607007577.jpg,Graveler
2116784272.jpg,Parasect
4519195414.jpg,Magneton
6403801981.jpg,Rattata
8401813340.jpg,Blastoise
6352105370.jpg,Seaking
6984958018.jpg,Bellsprout
8018694275.jpg,Squirtle
7201635061.jpg,Sandshrew
3366374435.jpg,Bulbasaur
4538105254.jpg,Golduck
7449411810.jpg,Mankey
6493294978.jpg,Scyther
2449577080.jpg,Caterpie
9440584546.jpg,Charmeleon
3079795371.jpg,Pinsir
9658021893.jpg,Raichu
2446213851.jpg,Omastar
8344705642.jpg,Tangela
3891509530.jpg,Pidgeotto
9784346064.jpg,Clefable
3277945556.jpg,Koffing
4962325610.jpg,Snorlax
7863843353.jpg,Raticate
9037122904.jpg,Mankey
3011925873.jpg,Dratini
1543101259.jpg,Lickitung
5925826504.jpg,Vulpix
4306914677.jpg,Venusaur
7288815827.jpg,Zapdos
5926795523.jpg,Metapod
2327954469.jpg,Alakazam
2210577164.jpg,Hypno
4351221167.jpg,Electabuzz
8796084712.jpg,Lapras
5208522105.jpg,Doduo
9554469616.jpg,Farfetchd
8521459095.jpg,Psyduck
3386868554.jpg,Articuno
9718049920.jpg,Raticate
1911573200.jpg,Wigglytuff
7669882493.jpg,Golduck
5208272036.jpg,Shellder
8217092583.jpg,Bellsprout
1051083126.jpg,Pikachu
7584464617.jpg,Butterfree
8001228687.jpg,Gengar
9704431344.jpg,Machop
4902357452.jpg,Dragonair
9646137828.jpg,Kabutops
3552684398.jpg,Staryu
6061641841.jpg,Rapidash
9915427291.jpg,Doduo
4567453838.jpg,Starmie
2413877497.jpg,Mewtwo
8380866729.jpg,Haunter
6960571793.jpg,Dugtrio
9511872515.jpg,Chansey
1106825953.jpg,Gastly
9676045994.jpg,Mewtwo
9829846130.jpg,Mankey
7083406672.jpg,Primeape
4344996472.jpg,Nidorina
1563204923.jpg,Kakuna
6275831459.jpg,Nidoking
4476168386.jpg,Caterpie
6154386925.jpg,Drowzee
4091403379.jpg,Squirtle
3719044422.jpg,Seel
1230410568.jpg,Parasect
4410592707.jpg,Cloyster
4575608599.jpg,Magikarp
2441325178.jpg,Pikachu
2213851372.jpg,Clefairy
9256763585.jpg,Mr. Mime
2605626693.jpg,Seadra
4043777969.jpg,Exeggutor
3953030943.jpg,Dragonair
7963135403.jpg,Voltorb
2738969051.jpg,Eevee
8859685289.jpg,Raichu
1362379681.jpg,Jolteon
5581077472.jpg,Charizard
6447572493.jpg,Pidgey
7527645071.jpg,Metapod
6568568283.jpg,Horsea
2546151015.jpg,Bellsprout
4669451645.jpg,Beedrill
6162747259.jpg,Gastly
4198810628.jpg,Lickitung
8965451250.jpg,Seaking
1515132213.jpg,Jigglypuff
2266826142.jpg,Psyduck
4892169480.jpg,Tentacool
8018760377.jpg,Jolteon
4180592637.jpg,Kadabra
7548357294.jpg,Drowzee
1967291562.jpg,Shellder
7230567581.jpg,Tangela
2727538724.jpg,Charmeleon
3422028143.jpg,Sandslash
4995824153.jpg,Seaking
6839900891.jpg,Grimer
8264338496.jpg,Zubat
9538350349.jpg,Omastar
1246731131.jpg,Grimer
1051636211.jpg,Rhyhorn
3759480077.jpg,Staryu
8291077431.jpg,Victreebel
7398184410.jpg,Jolteon
6683235736.jpg,Victreebel
6892143999.jpg,Staryu
8907314998.jpg,Machop
1924265615.jpg,Sandslash
2698498931.jpg,Dragonite
8410022954.jpg,Tangela
4039501997.jpg,Weedle
4633920131.jpg,Tauros
8114359585.jpg,Koffing
7064678606.jpg,Golbat
6657850693.jpg,Kangaskhan
2072317158.jpg,Kabutops
7889464367.jpg,Raticate
2464138694.jpg,Rattata
2070506301.jpg,Wigglytuff
8286032127.jpg,Gyarados
1264194634.jpg,Snorlax
6158577987.jpg,Sandshrew
7967680069.jpg,Articuno
4213667069.jpg,Oddish
8133221301.jpg,Vaporeon
8369199647.jpg,Ninetales
3588385678.jpg,Shellder
9478358975.jpg,Scyther
5897259197.jpg,Gyarados
7041268129.jpg,Shellder
9989408506.jpg,Vulpix
5306208251.jpg,Lickitung
3911395604.jpg,Slowbro
8960073972.jpg,Dodrio
7913269098.jpg,Cloyster
3408216876.jpg,Wartortle
9220735713.jpg,Voltorb
9510468082.jpg,Hitmonlee
7260039177.jpg,Dugtrio
3860625762.jpg,Seaking
6689833791.jpg,Lickitung
5268416890.jpg,Articuno
9105687715.jpg,Dragonite
8001588400.jpg,Kakuna
8911786303.jpg,Clefable
5605812446.jpg,Vileplume
7888186851.jpg,Diglett
1744389154.jpg,Pikachu
2026937386.jpg,Weedle
3307499712.jpg,Primeape
9316896586.jpg,Spearow
5545897341.jpg,Haunter
9254416528.jpg,Primeape
2916754881.jpg,Bellsprout
8285748439.jpg,Dewgong
2112013799.jpg,Exeggcute
4920603883.jpg,Zubat
3729606813.jpg,Sandshrew
1999090770.jpg,Golduck
5944887089.jpg,Pikachu
9183247266.jpg,Sandslash
5735431345.jpg,Squirtle
4431924881.jpg,Charmander
7211887561.jpg,Tangela
7472398589.jpg,Rhydon
4575055950.jpg,Spearow
8762414755.jpg,Clefairy
4429700883.jpg,Voltorb
2291993029.jpg,Chansey
7812943847.jpg,Caterpie
6308949270.jpg,Caterpie
5071928767.jpg,Dodrio
5046014667.jpg,Staryu
9498755997.jpg,Tangela
2311457852.jpg,Bulbasaur
9152905162.jpg,Gengar
7193825593.jpg,Clefable
6712682057.jpg,Sandshrew
1788108590.jpg,Omastar
4138723142.jpg,Golduck
3451014759.jpg,Jolteon
4954223259.jpg,Ekans
7708671192.jpg,Lickitung
9106106685.jpg,Jigglypuff
9892076179.jpg,Lickitung
8191201809.jpg,Butterfree
3420718986.jpg,Rapidash
3051176318.jpg,Parasect
9717641778.jpg,Gastly
9846096373.jpg,Doduo
2402212770.jpg,Exeggutor
2545813491.jpg,Grimer
1635884559.jpg,Jigglypuff
6542143586.jpg,Exeggutor
8347273955.jpg,Vulpix
7669756621.jpg,Rhydon
7947025120.jpg,Meowth
7864999887.jpg,Rhyhorn
8330435871.jpg,Moltres
3523515189.jpg,Weedle
6079401894.jpg,Growlithe
8186091785.jpg,Chansey
9349292040.jpg,Gastly
9954871549.jpg,Scyther
2765466513.jpg,Growlithe
6887603572.jpg,Kakuna
6857681385.jpg,Zapdos
8405313270.jpg,Sandshrew
7504832840.jpg,Ekans
7986852505.jpg,Mr. Mime
6962962874.jpg,Wigglytuff
7364239784.jpg,Wigglytuff
2419137024.jpg,Voltorb
8379933251.jpg,Flareon
7425341764.jpg,Alakazam
7949805983.jpg,Ivysaur
5478239163.jpg,Vileplume
6993293090.jpg,Metapod
4155033090.jpg,Lapras
9048758001.jpg,Ivysaur
4411385025.jpg,Starmie
8818436979.jpg,Primeape
8209063513.jpg,Pidgeot
8641943438.jpg,Primeape
6103284172.jpg,Flareon
4000071359.jpg,Charmander
9380317514.jpg,Poliwag
7123263667.jpg,Machamp
5035160845.jpg,Starmie
5823874245.jpg,Lapras
3548263851.jpg,Pidgeotto
3332569886.jpg,Rattata
3574933122.jpg,Pidgeotto
2376298908.jpg,Mew
1595098974.jpg,Victreebel
8097551621.jpg,Gastly
5972841084.jpg,Farfetchd
8049010060.jpg,Vulpix
9618464913.jpg,Wartortle
2952612316.jpg,Oddish
3791787606.jpg,Jynx
8861969774.jpg,Abra
5795202418.jpg,Poliwag
9766956633.jpg,Starmie
1036267273.jpg,Arbok
2508848226.jpg,Chansey
3351749480.jpg,Charmeleon
8736716687.jpg,Snorlax
3322779993.jpg,Magneton
4714539631.jpg,Goldeen
3723014983.jpg,Tangela
3303665113.jpg,Electabuzz
7429058468.jpg,Geodude
4269995269.jpg,Pidgey
4685982268.jpg,Alakazam
7632807330.jpg,Blastoise
3211955153.jpg,Exeggcute
2293738552.jpg,Omanyte
7144937245.jpg,Tentacruel
4209220128.jpg,Sandslash
3133453809.jpg,Pikachu
2666031446.jpg,Fearow
9418516680.jpg,Weepinbell
4507405992.jpg,Gyarados
4480261319.jpg,Exeggutor
3192175725.jpg,Lickitung
1430623449.jpg,Dewgong
1180766836.jpg,Victreebel
9170897337.jpg,Pinsir
9047055563.jpg,Pidgey
1014175200.jpg,Caterpie
1438365279.jpg,Dragonair
8810519102.jpg,Chansey
7890435808.jpg,Snorlax
4225177749.jpg,Nidoking
2922139380.jpg,Vulpix
9785293138.jpg,Jigglypuff
1778715243.jpg,Metapod
3582919565.jpg,Ditto
7352602392.jpg,Alakazam
6116121771.jpg,Caterpie
8990130685.jpg,Tentacruel
8591700599.jpg,Nidorino
7230947549.jpg,Snorlax
5808258007.jpg,Goldeen
2704011523.jpg,Metapod
3119912684.jpg,Goldeen
5338518321.jpg,Rhydon
1228650885.jpg,Graveler
8763042147.jpg,Dewgong
9200711691.jpg,Pinsir
7107585309.jpg,Electrode
9518919318.jpg,Graveler
5450430981.jpg,Tauros
7658900461.jpg,Tangela
9315212276.jpg,Lapras
5049087411.jpg,Butterfree
5614646666.jpg,Venomoth
2595933657.jpg,Charmander
7571062310.jpg,Raichu
3197853644.jpg,Magikarp
1669697675.jpg,Farfetchd
1176379204.jpg,Gyarados
8954631692.jpg,Vaporeon
3914503338.jpg,Vulpix
7626424740.jpg,Ivysaur
1056245638.jpg,Oddish
3875130081.jpg,Vileplume
8970964436.jpg,Clefairy
5807086774.jpg,Jigglypuff
6591298070.jpg,Squirtle
2151047209.jpg,Slowpoke
7905457476.jpg,Wigglytuff
6760416290.jpg,Kabutops
4051302154.jpg,Growlithe
2936855294.jpg,Ninetales
2523646437.jpg,Venonat
3411919098.jpg,Tentacruel
2438583862.jpg,Squirtle
8272788293.jpg,Voltorb
9759266234.jpg,Arbok
5161476422.jpg,Mankey
2470522140.jpg,Victreebel
2757244671.jpg,Clefable
8504973947.jpg,Cubone
2224268279.jpg,Moltres
4053330245.jpg,Dodrio
1928215055.jpg,Magneton
1268687080.jpg,Pinsir
3199519218.jpg,Dratini
2569855602.jpg,Jolteon
1102459552.jpg,Vileplume
9993787269.jpg,Clefairy
8457098107.jpg,Charmeleon
3615949511.jpg,Pidgey
1694449269.jpg,Magikarp
6872570456.jpg,Beedrill
2154741892.jpg,Exeggutor
7618673074.jpg,Voltorb
1406424677.jpg,Oddish
4258522574.jpg,Staryu
3722143975.jpg,Hitmonchan
6451537543.jpg,Poliwag
2373214669.jpg,Horsea
6860729645.jpg,Pidgeot
6445693227.jpg,Exeggutor
1048370159.jpg,Raichu
2116629413.jpg,Charizard
4200146226.jpg,Nidoking
3440570102.jpg,Dragonair
6350656833.jpg,Venomoth
5667128256.jpg,Mewtwo
3193798629.jpg,Jynx
9157443242.jpg,Clefairy
8471694451.jpg,Electabuzz
4576405816.jpg,Dragonair
6225409142.jpg,Hitmonlee
7153808749.jpg,Dodrio
1559455183.jpg,Wartortle
1279617466.jpg,Kingler
2954069483.jpg,Nidorino
9410782643.jpg,Vileplume
4232342329.jpg,Poliwrath
6166003893.jpg,Pidgeot
2178405175.jpg,Rhydon
1852463636.jpg,Goldeen
8263590896.jpg,Flareon
1101552873.jpg,Poliwag
2072598406.jpg,Weedle
7150156430.jpg,Venomoth
9458023899.jpg,Ponyta
1181998206.jpg,Gyarados
9867536171.jpg,Scyther
5072661108.jpg,Sandshrew
7813641600.jpg,Graveler
8983290367.jpg,Ponyta
8311817894.jpg,Doduo
2427004099.jpg,Voltorb
3991846300.jpg,Scyther
1745221763.jpg,Tentacool
2590135591.jpg,Geodude
2944544632.jpg,Psyduck
2672286006.jpg,Pikachu
7856681398.jpg,Pikachu
1678220758.jpg,Oddish
1362967699.jpg,Geodude
4033689657.jpg,Clefairy
7133095796.jpg,Primeape
9005853793.jpg,Pidgey
8900947994.jpg,Dratini
3905043957.jpg,Primeape
5154703678.jpg,Exeggutor
5998229629.jpg,Mankey
1296005246.jpg,Poliwag
5007574775.jpg,Dragonite
6630196022.jpg,Victreebel
5583865693.jpg,Ninetales
1626665512.jpg,Electabuzz
6162038758.jpg,Poliwrath
4214278429.jpg,Charmeleon
8531961247.jpg,Zapdos
6786751724.jpg,Starmie
4929160705.jpg,Graveler
6292371311.jpg,Hitmonlee
3033966433.jpg,Snorlax
3834871227.jpg,Pinsir
5858918312.jpg,Raticate
6039312838.jpg,Poliwrath
6665145513.jpg,Eevee
8623474099.jpg,Sandshrew
8075593703.jpg,Clefable
4591184250.jpg,Porygon
7529696784.jpg,Victreebel
2839038770.jpg,Sandslash
1655930043.jpg,Diglett
3106016229.jpg,Hitmonlee
8013695520.jpg,Poliwhirl
9191035707.jpg,Pidgeot
3449764676.jpg,Growlithe
7316092174.jpg,Venusaur
5810939172.jpg,Nidoqueen
4553574153.jpg,Blastoise
5167947993.jpg,Jynx
2071094584.jpg,Haunter
6001993952.jpg,Rhydon
9497046617.jpg,Charizard
4297774771.jpg,Dragonite
8221516334.jpg,Slowbro
9099880810.jpg,Slowbro
9654320607.jpg,Charmeleon
3259052762.jpg,Ivysaur
3324366085.jpg,Magmar
4292913719.jpg,Raichu
4725070026.jpg,Tauros
8992363640.jpg,Metapod
5517854292.jpg,Weezing
3790264318.jpg,Weezing
8627133065.jpg,Growlithe
9613629184.jpg,Geodude
1738684364.jpg,Mr. Mime
1159704576.jpg,Parasect
6325803539.jpg,Fearow
2141498886.jpg,Weedle
2876057844.jpg,Dragonite
6373387393.jpg,Flareon
7737791022.jpg,Exeggutor
5492308065.jpg,Spearow
9810361597.jpg,Dragonair
7347237872.jpg,Metapod
6868443007.jpg,Charmander
2095609768.jpg,Grimer
4379945742.jpg,Nidorina
9828137834.jpg,Wigglytuff
5985422321.jpg,Dratini
6532669499.jpg,Articuno
7525573790.jpg,Sandslash
1587631258.jpg,Kingler
1140757547.jpg,Arbok
4167182594.jpg,Hypno
7335680810.jpg,Electrode
1457206313.jpg,Blastoise
7041809503.jpg,Clefairy
5531215717.jpg,Pidgey
4195302313.jpg,Exeggutor
3718326192.jpg,Moltres
9736565115.jpg,Tentacool
8414061234.jpg,Nidorino
5580038354.jpg,Butterfree
8626057068.jpg,Poliwrath
1110727290.jpg,Pidgey
2835284387.jpg,Raticate
9838218355.jpg,Rhydon
2407769036.jpg,Magmar
6174011991.jpg,Pinsir
9004087154.jpg,Weezing
1924158299.jpg,Machoke
3846254093.jpg,Vaporeon
1909959406.jpg,Dewgong
5148301316.jpg,Zubat
5467806656.jpg,Ninetales
5521456107.jpg,Parasect
1941339727.jpg,Vaporeon
9463345991.jpg,Magikarp
4924298004.jpg,Tangela
2333702014.jpg,Parasect
3932375973.jpg,Gloom
3773005951.jpg,Porygon
4572597402.jpg,Golbat
7474773273.jpg,Gengar
8195341720.jpg,Mankey
9709047346.jpg,Moltres
4169907606.jpg,Parasect
1645146492.jpg,Jolteon
2928637011.jpg,Butterfree
9559968698.jpg,Pidgey
3735285429.jpg,Tentacool
9913567028.jpg,Squirtle
1075791278.jpg,Magmar
9944566060.jpg,Clefable
6774858227.jpg,Rhyhorn
3092440252.jpg,Magnemite
2596699498.jpg,Golbat
2124257120.jpg,Flareon
4393492130.jpg,Chansey
7419006998.jpg,Goldeen
3872731008.jpg,Clefairy
8143903896.jpg,Shellder
1609760302.jpg,Spearow
7503665908.jpg,MrMime
2357588143.jpg,Seadra
3859055983.jpg,Squirtle
3124616805.jpg,Exeggcute
5092278096.jpg,Poliwag
3966015911.jpg,Bulbasaur
4687222065.jpg,Wigglytuff
2378916763.jpg,Dratini
7382491425.jpg,Venusaur
2108434271.jpg,Arbok
2084479998.jpg,Ditto
3937083518.jpg,Spearow
1760424938.jpg,Golduck
4328747590.jpg,Electabuzz
5759407624.jpg,Rattata
1132571108.jpg,Dugtrio
6746896794.jpg,Blastoise
2851453793.jpg,Fearow
5514356816.jpg,Jolteon
3652529791.jpg,Jigglypuff
4751940927.jpg,Sandslash
2654351547.jpg,Ivysaur
9392538377.jpg,Blastoise
7805570853.jpg,Charmeleon
7894359767.jpg,Wartortle
7130436978.jpg,Eevee
9474153438.jpg,Lickitung
5494962621.jpg,Pidgeot
7068474063.jpg,Gloom
6494706400.jpg,Rattata
9526588894.jpg,Poliwrath
5720460531.jpg,Voltorb
6642640688.jpg,Porygon
2252497855.jpg,Dragonair
8451447009.jpg,Charmeleon
8618667775.jpg,Jynx
9420160644.jpg,Magmar
8582439248.jpg,Tauros
1118315850.jpg,Pidgeot
5914945000.jpg,Haunter
1786434776.jpg,Victreebel
9038392690.jpg,Ponyta
1141037001.jpg,Marowak
9432005290.jpg,Omanyte
9481985990.jpg,Porygon
3012223177.jpg,Charmander
8235994750.jpg,Psyduck
3453577727.jpg,Butterfree
1928213789.jpg,Weepinbell
8870734237.jpg,Electabuzz
4238235629.jpg,Hitmonlee
5192865755.jpg,Exeggcute
3490900110.jpg,Snorlax
4703185879.jpg,Farfetchd
3599642056.jpg,Eevee
6209624887.jpg,Jynx
8728714192.jpg,Starmie
6187450200.jpg,Charmeleon
5284524255.jpg,Mr. Mime
4137541807.jpg,Pidgey
4566562384.jpg,Dragonair
1433126672.jpg,Dragonite
1926681000.jpg,Golbat
4729505878.jpg,Dodrio
1851388630.jpg,Dugtrio
4503038069.jpg,Psyduck
4103507842.jpg,Lickitung
8535864576.jpg,Rhyhorn
9317749184.jpg,Exeggutor
7555511799.jpg,Jolteon
1481338889.jpg,Lapras
6189566346.jpg,Wigglytuff
8144126102.jpg,Flareon
4002849224.jpg,Hitmonchan
6415501604.jpg,Nidorino
3222502221.jpg,Machamp
2459339724.jpg,Lapras
1022954855.jpg,Magnemite
6053333782.jpg,Moltres
1024667225.jpg,Nidorina
2784687324.jpg,Magikarp
3473446553.jpg,Scyther
9450339051.jpg,Omastar
9087389904.jpg,Magnemite
2361957181.jpg,Ekans
4614030620.jpg,Sandshrew
6006627964.jpg,Omanyte
2506356076.jpg,Oddish
5976859514.jpg,Psyduck
5106453507.jpg,Shellder
4983901356.jpg,Doduo
2372977522.jpg,Drowzee
1595008508.jpg,Dodrio
6560008619.jpg,Weezing
4036481817.jpg,Victreebel
2876468816.jpg,Golduck
2938995823.jpg,Kabutops
7084050740.jpg,Articuno
4124787147.jpg,Wigglytuff
5192738031.jpg,Metapod
6111961411.jpg,Dragonair
5654016907.jpg,Mew
6268690934.jpg,Machoke
4955651888.jpg,Seaking
4761592455.jpg,Koffing
6923623249.jpg,Weezing
6256523507.jpg,Vileplume
6390354873.jpg,Porygon
2780617986.jpg,Nidoqueen
2868469906.jpg,Kakuna
6983824902.jpg,Meowth
9153789082.jpg,Slowbro
1150831002.jpg,Venusaur
8694276262.jpg,Zubat
9299471875.jpg,Rapidash
8613178932.jpg,Jigglypuff
1020069915.jpg,Beedrill
5655580791.jpg,Farfetchd
3657005054.jpg,Poliwrath
5291651086.jpg,Tangela
7741182207.jpg,Vulpix
9583386202.jpg,Raichu
7126187267.jpg,Arcanine
6743688899.jpg,Tentacool
8076430778.jpg,Ekans
7569161818.jpg,Snorlax
1592183554.jpg,Weedle
3238171693.jpg,Weezing
4149584400.jpg,Scyther
8721206053.jpg,Venonat
6576549345.jpg,Seel
6427759341.jpg,Pikachu
6361445245.jpg,Jigglypuff
3288387144.jpg,Pidgeotto
1912686671.jpg,Rhyhorn
5464543692.jpg,Sandshrew
3958404730.jpg,Primeape
4674870420.jpg,Gengar
9298347383.jpg,Vulpix
1144085242.jpg,Pidgeotto
3891582597.jpg,Weedle
6732962115.jpg,Rhydon
2747360832.jpg,Graveler
7208573173.jpg,Nidorina
5945002420.jpg,Golbat
4250956259.jpg,Squirtle
7738936632.jpg,Psyduck
7580741454.jpg,Nidorino
9884920163.jpg,Kingler
9670909197.jpg,Moltres
8522018355.jpg,Poliwag
7798697930.jpg,Vaporeon
4610834912.jpg,Gastly
1798393164.jpg,Dewgong
7202225617.jpg,Eevee
7153910015.jpg,Nidoking
2760157104.jpg,Aerodactyl
6491305261.jpg,Rapidash
5271660649.jpg,Machamp
1810880288.jpg,Gastly
7931678201.jpg,Moltres
7942786352.jpg,Geodude
9994759375.jpg,Poliwhirl
4826739352.jpg,Clefable
7311215723.jpg,Sandshrew
8954930757.jpg,Tentacool
5075768665.jpg,Nidorina
4543039728.jpg,Dragonair
5565945511.jpg,Poliwag
3371516097.jpg,Ekans
2026287744.jpg,Rhyhorn
8685259571.jpg,Lickitung
7778546239.jpg,Koffing
3195322398.jpg,Slowpoke
1430648390.jpg,Nidoking
9105971496.jpg,Machamp
2298891892.jpg,Tentacool
7663791381.jpg,Pinsir
2228703904.jpg,Raichu
1315910392.jpg,Psyduck
7759058057.jpg,Nidoking
9683002175.jpg,Hitmonchan
9274763988.jpg,Golbat
4391225448.jpg,Weepinbell
5118187879.jpg,Parasect
7647012479.jpg,Cloyster
3853291206.jpg,Squirtle
7106428040.jpg,Kabutops
4971116226.jpg,Cloyster
6268323321.jpg,Venomoth
7157773778.jpg,Vaporeon
3112904021.jpg,Gyarados
7489440831.jpg,Poliwrath
5808003410.jpg,Pidgey
9326215547.jpg,Porygon
7722717327.jpg,Diglett
4435492223.jpg,Graveler
2341047986.jpg,Gengar
2965098285.jpg,Haunter
3972341526.jpg,Dugtrio
3721305555.jpg,Flareon
9188451635.jpg,Magnemite
9833042665.jpg,Golbat
2558894286.jpg,Ditto
3237016767.jpg,Lapras
8435070689.jpg,Electrode
6813970417.jpg,Eevee
6917207448.jpg,Zubat
5796048246.jpg,Scyther
4380795208.jpg,Butterfree
4513559933.jpg,Scyther
3641003995.jpg,Kingler
4918511212.jpg,Fearow
2851963690.jpg,Nidorino
7698426676.jpg,Charizard
9438057683.jpg,Eevee
2374459436.jpg,Gloom
1457061376.jpg,Poliwhirl
7898721962.jpg,Ponyta
9992590131.jpg,Venonat
7945672371.jpg,Poliwrath
3228425545.jpg,Ekans
4209809117.jpg,Primeape
2033787788.jpg,Venonat
7762628341.jpg,Omastar
1583058111.jpg,Bellsprout
5814269969.jpg,Charmander
4045708566.jpg,Mew
8544897364.jpg,Venonat
5710277239.jpg,Wartortle
5736973333.jpg,Electabuzz
4267712180.jpg,Arcanine
6138627838.jpg,Kakuna
9510429792.jpg,Squirtle
2822539584.jpg,Machamp
9077044310.jpg,Beedrill
8488185128.jpg,Geodude
8387373560.jpg,Starmie
7012354615.jpg,Fearow
2127323537.jpg,Drowzee
9877937513.jpg,Wigglytuff
4838643958.jpg,Machoke
3172438570.jpg,Bulbasaur
8952923653.jpg,Shellder
1440404471.jpg,Nidorina
3875843720.jpg,Doduo
7391059343.jpg,Meowth
5973192983.jpg,Chansey
4117054791.jpg,Machamp
7127633535.jpg,Farfetchd
2959249802.jpg,Weedle
5371457006.jpg,Oddish
9345095722.jpg,Sandshrew
9438260420.jpg,Farfetchd
7073490835.jpg,Geodude
1473000388.jpg,Geodude
2770947877.jpg,Mew
4850193701.jpg,Wigglytuff
9140726046.jpg,Diglett
9437874747.jpg,Moltres
9614094512.jpg,Raichu
4542508740.jpg,Tentacruel
7855730993.jpg,Squirtle
7989210969.jpg,Primeape
1468349877.jpg,Mew
5881088786.jpg,Venonat
8423623530.jpg,Cloyster
5457805165.jpg,Psyduck
8251934766.jpg,Hitmonlee
2872597898.jpg,Zubat
8242262240.jpg,Dragonite
3130256610.jpg,Psyduck
9725047273.jpg,Magikarp
5924733521.jpg,Tauros
4440234558.jpg,Slowbro
9459369220.jpg,Venonat
5758247819.jpg,Bellsprout
4448404084.jpg,Gastly
2747834012.jpg,Raticate
5569533694.jpg,Butterfree
7647625231.jpg,Weepinbell
3645662845.jpg,Sandslash
9311687093.jpg,Cloyster
3446354720.jpg,Golbat
4716555208.jpg,Rhyhorn
7398211412.jpg,Graveler
8310001426.jpg,Doduo
2959561304.jpg,Dewgong
2598039473.jpg,Ekans
9351048667.jpg,Pikachu
9839075838.jpg,Lapras
7698903135.jpg,Cloyster
4253904857.jpg,Exeggcute
8082688235.jpg,Nidoking
8036047553.jpg,Poliwag
7530848037.jpg,Magikarp
5617484325.jpg,Vaporeon
5728415002.jpg,MrMime
4208316467.jpg,Electrode
8976335129.jpg,Gyarados
4621521071.jpg,Jigglypuff
4457103596.jpg,Voltorb
5591703890.jpg,Rapidash
3613740317.jpg,Gyarados
9967364381.jpg,Goldeen
7040899262.jpg,Pidgey
5374644724.jpg,Wartortle
8349135475.jpg,Arbok
9821528640.jpg,Electrode
4584052924.jpg,Omanyte
4675027082.jpg,Hitmonchan
6420834443.jpg,Dugtrio
2757029660.jpg,Pikachu
4186990053.jpg,Dugtrio
7620597016.jpg,Gengar
7112127802.jpg,Raichu
1966385304.jpg,Hitmonchan
5423440971.jpg,Fearow
9288613950.jpg,Caterpie
8828826085.jpg,Nidorina
9433257828.jpg,Rhydon
1015450918.jpg,Blastoise
6667911288.jpg,Poliwag
8783920546.jpg,Slowpoke
3765316153.jpg,Spearow
4167112952.jpg,Nidorino
9518427083.jpg,Pidgey
6709892441.jpg,Bellsprout
6002767266.jpg,Dewgong
3232497270.jpg,Venomoth
3392472784.jpg,Haunter
3772291604.jpg,Raticate
5483358733.jpg,Raticate
8390727665.jpg,Electrode
6801416760.jpg,Snorlax
2515259561.jpg,Slowpoke
5125255602.jpg,Rapidash
7793697241.jpg,Sandslash
4244275391.jpg,Arcanine
5278316329.jpg,Weezing
4165379528.jpg,Poliwrath
2434893563.jpg,Clefairy
7730335402.jpg,Rapidash
4491722961.jpg,Tentacool
3057251439.jpg,Magnemite
7340595680.jpg,Nidorina
3090232396.jpg,Snorlax
3618218510.jpg,Ponyta
6695273691.jpg,Articuno
5729705268.jpg,Haunter
9860696387.jpg,Cubone
9289356256.jpg,Meowth
8458589003.jpg,Rhydon
3507354195.jpg,Articuno
4399220867.jpg,Pidgey
5889684356.jpg,Pidgey
4945443104.jpg,Voltorb
1163230180.jpg,Gengar
2581912077.jpg,Ponyta
9684714916.jpg,Omastar
6882322164.jpg,Cubone
9806454243.jpg,Jigglypuff
3558530740.jpg,Jigglypuff
1050545331.jpg,Ivysaur
8229439413.jpg,Hitmonchan
6637525933.jpg,Ivysaur
6595417746.jpg,Vileplume
1686700167.jpg,Drowzee
1683687733.jpg,Rapidash
3622795255.jpg,Snorlax
5555432809.jpg,Chansey
9339286669.jpg,Pidgeotto
8903554510.jpg,Gastly
2148828668.jpg,Alakazam
6082090642.jpg,Rhyhorn
6383311052.jpg,Kangaskhan
3058639697.jpg,Flareon
5535802498.jpg,Zubat
5869108697.jpg,Ditto
8737481341.jpg,Dugtrio
6129595667.jpg,Meowth
3825983955.jpg,Marowak
4630747745.jpg,Pinsir
6418359441.jpg,Blastoise
3309454785.jpg,Goldeen
5477298626.jpg,Lapras
7157917445.jpg,Pidgey
7868437242.jpg,Charizard
3446906477.jpg,Lickitung
2937133195.jpg,Wartortle
7938030947.jpg,Moltres
1382864568.jpg,Exeggcute
6142316982.jpg,Raichu
5691553242.jpg,Bulbasaur
1617151496.jpg,Poliwag
2217528959.jpg,Tauros
9833980506.jpg,Aerodactyl
9671914870.jpg,Diglett
7515736576.jpg,Vulpix
9892472943.jpg,Golduck
9049929173.jpg,Bulbasaur
7426369447.jpg,Venusaur
5025695171.jpg,Dragonite
5891214375.jpg,Electabuzz
9815125509.jpg,Poliwag
7295642662.jpg,Growlithe
5859981480.jpg,Magmar
2270084151.jpg,Kangaskhan
3075528908.jpg,Arbok
1763329987.jpg,Lapras
7974784024.jpg,Squirtle
6144331808.jpg,Metapod
3541873945.jpg,Rattata
9572049998.jpg,Flareon
1284279537.jpg,Gloom
4059271030.jpg,Mewtwo
2510301189.jpg,Porygon
4033238159.jpg,Charmander
4571617768.jpg,Haunter
7454074131.jpg,Gastly
7972044944.jpg,Blastoise
4161858073.jpg,Caterpie
7285297241.jpg,Spearow
8303639228.jpg,Mankey
1073103566.jpg,Slowpoke
5896191943.jpg,Ivysaur
6365084413.jpg,Bellsprout
6317345913.jpg,Machop
8423860603.jpg,Weedle
7494688129.jpg,Magmar
4593730458.jpg,Marowak
6088592776.jpg,Pidgey
7538929583.jpg,Raichu
1362270087.jpg,Seel
6900310686.jpg,Hitmonlee
5286537856.jpg,Zapdos
9376281939.jpg,Meowth
7468097370.jpg,Ditto
3810094099.jpg,Nidoqueen
4374678802.jpg,Tangela
9487402593.jpg,Weedle
2967143630.jpg,Staryu
1139389512.jpg,Caterpie
6575070527.jpg,Doduo
8224732513.jpg,Meowth
6630520111.jpg,Pidgey
5490831285.jpg,Squirtle
3779136944.jpg,Tentacool
4572268287.jpg,Abra
9235831180.jpg,Alakazam
1302190296.jpg,Jigglypuff
4325525161.jpg,Psyduck
7693158075.jpg,Tangela
7515206320.jpg,Shellder
2446163057.jpg,Flareon
5876775695.jpg,Victreebel
8035599803.jpg,Golbat
1177881259.jpg,Nidorina
1818210312.jpg,Psyduck
2688253282.jpg,Rapidash
7645710635.jpg,Venusaur
7318424962.jpg,Starmie
7640303597.jpg,Jigglypuff
7103569368.jpg,Aerodactyl
6495948135.jpg,Ponyta
7055328041.jpg,Aerodactyl
9354803810.jpg,Growlithe
8500440899.jpg,Kangaskhan
1493107193.jpg,Magneton
4045049975.jpg,Slowpoke
3241327984.jpg,Weepinbell
4563378867.jpg,Slowpoke
6085745904.jpg,Hitmonlee
4787071515.jpg,Butterfree
2172210920.jpg,Venusaur
6237626440.jpg,Mewtwo
8095744824.jpg,Tentacool
4886468361.jpg,Flareon
4370389630.jpg,Omanyte
2085205027.jpg,Sandshrew
2748831261.jpg,Scyther
5063331393.jpg,Butterfree
9998910977.jpg,Ponyta
6856744965.jpg,Dratini
6413403988.jpg,Victreebel
2402728343.jpg,Magnemite
9472895473.jpg,Wigglytuff
8982264170.jpg,Wartortle
1800170085.jpg,Gastly
5272468939.jpg,Machamp
8604697250.jpg,Ditto
9954597478.jpg,Dragonite
9733375816.jpg,Butterfree
7298312042.jpg,Poliwhirl
6324730025.jpg,Magnemite
7395873627.jpg,Seadra
1850003254.jpg,Exeggutor
3408928735.jpg,Tangela
5253943206.jpg,Cubone
2924743565.jpg,Magikarp
2329688199.jpg,Wartortle
1520126942.jpg,Kabutops
3828721875.jpg,Squirtle
4237091548.jpg,Golduck
8982709578.jpg,Omastar
7597803841.jpg,Dratini
3111282370.jpg,Poliwag
1898656990.jpg,Ekans
4776674153.jpg,Dugtrio
8804269441.jpg,Weedle
4329848625.jpg,Tauros
2637960696.jpg,Goldeen
1201937983.jpg,Nidoqueen
5772055108.jpg,Charmeleon
4556110053.jpg,Poliwhirl
1259778131.jpg,Squirtle
6382891146.jpg,Dodrio
4549713815.jpg,Hitmonchan
4768633361.jpg,Raichu
8751435560.jpg,Diglett
4359449241.jpg,Nidoqueen
5365955449.jpg,Ditto
5159666847.jpg,Growlithe
5359723899.jpg,Tauros
6984813428.jpg,Dragonite
2601243086.jpg,Geodude
4063170072.jpg,Rattata
2703457517.jpg,Venusaur
2120348911.jpg,Hypno
2239835662.jpg,Raichu
9385293883.jpg,Tauros
5961140913.jpg,Psyduck
3024424793.jpg,Golduck
4540293146.jpg,Growlithe
8102153021.jpg,Hitmonchan
5030364862.jpg,Arcanine
3779880705.jpg,Kadabra
1069652003.jpg,Meowth
3637967804.jpg,Butterfree
3532843508.jpg,Drowzee
7759588053.jpg,Primeape
2842151977.jpg,Psyduck
6010026883.jpg,Nidoking
5890006808.jpg,Blastoise
3298431658.jpg,Exeggutor
8848927781.jpg,Aerodactyl
5025022646.jpg,Nidoking
3819472628.jpg,Pikachu
7190145938.jpg,Haunter
1429132085.jpg,Blastoise
5902375208.jpg,Moltres
5858934472.jpg,Metapod
2537628518.jpg,Lickitung
2885943585.jpg,Pinsir
1058192153.jpg,Gyarados
3262687926.jpg,Metapod
1564360048.jpg,Gyarados
3141052675.jpg,Omastar
6648404937.jpg,Horsea
4515734339.jpg,Jolteon
3737095210.jpg,Gengar
2489559547.jpg,Pidgeotto
9154908166.jpg,Vileplume
1755034795.jpg,Golbat
7315303491.jpg,Tentacool
2238799502.jpg,Exeggutor
5410317890.jpg,Clefable
5610045774.jpg,Flareon
4098570513.jpg,Electabuzz
1227184887.jpg,Dodrio
3248685337.jpg,Pidgeot
8797616399.jpg,Machop
2182610449.jpg,Gyarados
7817684128.jpg,Bulbasaur
3225676327.jpg,Chansey
6859048724.jpg,Oddish
8701390362.jpg,Jynx
4673636150.jpg,Hitmonchan
2311342025.jpg,Ekans
8263369724.jpg,Ponyta
4602652337.jpg,Machop
7815361495.jpg,Magmar
2977267662.jpg,Shellder
7357324676.jpg,Pidgeot
5664511349.jpg,Gengar
6116992322.jpg,Poliwrath
6597300891.jpg,Ditto
2380214320.jpg,Chansey
8244626055.jpg,Metapod
1487989121.jpg,Hypno
2667476398.jpg,Cubone
2117093580.jpg,Porygon
2558562515.jpg,Poliwhirl
9178605305.jpg,Kakuna
2775974705.jpg,Magneton
7833620027.jpg,Blastoise
4123020227.jpg,Charmeleon
4573503313.jpg,Aerodactyl
1120428484.jpg,Pidgeot
3110971025.jpg,Moltres
1482768590.jpg,Arbok
1729453924.jpg,Cloyster
7888521246.jpg,Starmie
4610327119.jpg,Dewgong
1796445568.jpg,Caterpie
2375578110.jpg,Mewtwo
4659537525.jpg,Zubat
1899944705.jpg,Goldeen
2899826579.jpg,Pikachu
1718894547.jpg,Wartortle
4411132668.jpg,Kangaskhan
2928218046.jpg,Victreebel
4906002639.jpg,Cubone
5866460795.jpg,Metapod
4773561890.jpg,Tauros
7434077143.jpg,Jolteon
6373799197.jpg,Slowpoke
4744214871.jpg,Gengar
1932629781.jpg,Rapidash
3239903872.jpg,Diglett
1418817346.jpg,Charmeleon
4691016429.jpg,Haunter
9978598697.jpg,Venonat
9203987826.jpg,Charmander
2454264197.jpg,Dugtrio
1589867762.jpg,Kabutops
7073835496.jpg,Primeape
1128201763.jpg,Omanyte
5957608473.jpg,Eevee
8866583512.jpg,Electrode
6692767670.jpg,Growlithe
9280659032.jpg,Machoke
2855333243.jpg,Kadabra
9829548754.jpg,Kingler
2186678345.jpg,Ninetales
7554072441.jpg,Venusaur
5106150747.jpg,Marowak
7397907223.jpg,Beedrill
4641531731.jpg,Magikarp
8292493265.jpg,Zapdos
6752139339.jpg,Wigglytuff
5263930793.jpg,Abra
6636514870.jpg,Slowbro
1138960793.jpg,Zubat
3901436930.jpg,MrMime
8856405268.jpg,Articuno
2271389825.jpg,Poliwag
9071497336.jpg,Gastly
8547639088.jpg,Tentacruel
9535820082.jpg,Tentacruel
9625222456.jpg,Caterpie
8924621247.jpg,Magikarp
3593222481.jpg,Mew
8709237496.jpg,Mankey
3980574713.jpg,Moltres
7983997540.jpg,Mankey
5769530691.jpg,Arbok
6877794471.jpg,Rattata
9136086119.jpg,Primeape
4291894724.jpg,Dragonite
5967829256.jpg,Articuno
7642769291.jpg,Venusaur
5123825555.jpg,Meowth
5296426314.jpg,Moltres
4017858689.jpg,Clefairy
3887279800.jpg,Golbat
7759478813.jpg,Ponyta
5042781582.jpg,Staryu
1686847318.jpg,Zapdos
8299636633.jpg,Bulbasaur
2756640992.jpg,Lapras
9220312592.jpg,Abra
1845146988.jpg,Omanyte
1480413278.jpg,Victreebel
2402448687.jpg,Gyarados
2355603406.jpg,Venomoth
5459513419.jpg,Farfetchd
4031311498.jpg,Gengar
6499637240.jpg,Drowzee
2019878637.jpg,Gastly
4318135974.jpg,Hitmonlee
7248431351.jpg,Snorlax
7121077271.jpg,Jynx
9759043892.jpg,Exeggcute
3479994887.jpg,Wartortle
5937599713.jpg,Kabutops
3051562288.jpg,Rhydon
8659105433.jpg,Zapdos
4042206564.jpg,Weezing
6865540436.jpg,Jigglypuff
3725042650.jpg,Ivysaur
2655330827.jpg,Koffing
9573401267.jpg,Starmie
4067422370.jpg,Clefable
7119272427.jpg,Hitmonchan
1737092631.jpg,Shellder
1666781986.jpg,Doduo
9497715706.jpg,Gengar
8206756414.jpg,Graveler
4137875788.jpg,Tauros
8290220991.jpg,Seaking
6773135887.jpg,Squirtle
8654252296.jpg,Arbok
8814445627.jpg,Hitmonchan
3311588317.jpg,Kangaskhan
3435293369.jpg,Pidgey
8386930620.jpg,Cloyster
6746089893.jpg,Venonat
1248960456.jpg,Omanyte
5696072098.jpg,Ponyta
9838857076.jpg,Chansey
9385845217.jpg,Gastly
4444105982.jpg,Kabutops
5923742203.jpg,Magmar
3960469396.jpg,Vulpix
8655724267.jpg,Growlithe
2411300912.jpg,Arbok
7774005015.jpg,Zapdos
2536026402.jpg,Machoke
4240789062.jpg,Spearow
5386866593.jpg,Venonat
9613624318.jpg,Dugtrio
6719024230.jpg,Pinsir
5049833032.jpg,Pidgeot
1520626380.jpg,Zapdos
1482200503.jpg,Primeape
7060609038.jpg,Eevee
5186079042.jpg,Jigglypuff
2047459833.jpg,Dewgong
3596623618.jpg,Ponyta
2410998187.jpg,Kakuna
2678817625.jpg,Rapidash
5406596579.jpg,Eevee
3546912368.jpg,Charizard
9621086233.jpg,Seel
5848332972.jpg,Lapras
5056887301.jpg,Kakuna
2015382705.jpg,Pidgey
2364656523.jpg,Magneton
4453788785.jpg,Weedle
6900693864.jpg,Oddish
7122374106.jpg,Snorlax
8710495885.jpg,Farfetchd
4434495955.jpg,Psyduck
2270900773.jpg,Jigglypuff
1770018933.jpg,Alakazam
7957183569.jpg,Exeggutor
